LOCATION_ID,PRODUCT_ID,Description,desc_prefix,matched_Model,match_type,matched_Model_similarity,similarity_score,matched_Model_best
1000.0,500-4235-020,"100G AOC 20m,Sony,ES2&ULM,Ali yellow",100G AOC 20m,100G QSFP28 AOC Gen4.0,fuzzy,,62.5,100G QSFP28 AOC Gen4.0
1000.0,500-4961-001,"100G AOC Gen3,1m,Avago Vcsel,Standard",100G AOC Gen3,100G QSFP28 SR1.2 BiDi Gen3.0,fuzzy,100G QSFP28 AOC Gen3.0,74.3,100G QSFP28 SR1.2 BiDi Gen3.0
1000.0,500-4961-002,"100G AOC Gen3,2m,Avago Vcsel,Standard",100G AOC Gen3,100G QSFP28 SR1.2 BiDi Gen3.0,fuzzy,100G QSFP28 AOC Gen3.0,74.3,100G QSFP28 SR1.2 BiDi Gen3.0
1000.0,500-4961-003,"100G AOC Gen3,3m,Avago Vcsel,Standard",100G AOC Gen3,100G QSFP28 SR1.2 BiDi Gen3.0,fuzzy,100G QSFP28 AOC Gen3.0,74.3,100G QSFP28 SR1.2 BiDi Gen3.0
1000.0,500-4961-005,"100G AOC Gen3,5m,Avago Vcsel,Standard",100G AOC Gen3,100G QSFP28 SR1.2 BiDi Gen3.0,fuzzy,100G QSFP28 AOC Gen3.0,74.3,100G QSFP28 SR1.2 BiDi Gen3.0
1000.0,500-4961-007,"100G AOC Gen3,7m,Avago Vcsel,Standard",100G AOC Gen3,100G QSFP28 SR1.2 BiDi Gen3.0,fuzzy,100G QSFP28 AOC Gen3.0,74.3,100G QSFP28 SR1.2 BiDi Gen3.0
1000.0,500-4961-010,"100G AOC Gen3,10m,Avago Vcsel,Standard",100G AOC Gen3,100G QSFP28 SR1.2 BiDi Gen3.0,fuzzy,100G QSFP28 AOC Gen3.0,74.3,100G QSFP28 SR1.2 BiDi Gen3.0
1000.0,500-4961-015,"100G AOC Gen3,15m,Avago Vcsel,Standard",100G AOC Gen3,100G QSFP28 SR1.2 BiDi Gen3.0,fuzzy,100G QSFP28 AOC Gen3.0,74.3,100G QSFP28 SR1.2 BiDi Gen3.0
1000.0,500-4961-020,"100G AOC Gen3,20m,Avago Vcsel,Standard",100G AOC Gen3,100G QSFP28 SR1.2 BiDi Gen3.0,fuzzy,100G QSFP28 AOC Gen3.0,74.3,100G QSFP28 SR1.2 BiDi Gen3.0
1000.0,500-4962-010,"100G AOC Gen3,10m,Avago Vcsel＆LP,Ali",100G AOC Gen3,100G QSFP28 SR1.2 BiDi Gen3.0,fuzzy,100G QSFP28 AOC Gen3.0,74.3,100G QSFP28 SR1.2 BiDi Gen3.0
1000.0,500-4962-020,"100G AOC Gen3,20m,Avago Vcsel＆LP,Ali",100G AOC Gen3,100G QSFP28 SR1.2 BiDi Gen3.0,fuzzy,100G QSFP28 AOC Gen3.0,74.3,100G QSFP28 SR1.2 BiDi Gen3.0
1000.0,500-3394,"100G CWDM4,Blank V1.0(Mitsubishi DFB)",100G CWDM4,100G QSFP28 CSR4 Gen1.0 W/CDR,fuzzy,,63.6,100G QSFP28 CSR4 Gen1.0 W/CDR
1000.0,500-4611,"100G CWDM4,0-70C,for ZTE,Weld+Ocl M37244",100G CWDM4,100G QSFP28 CSR4 Gen1.0 W/CDR,fuzzy,,63.6,100G QSFP28 CSR4 Gen1.0 W/CDR
1000.0,500-4042,"100G CWDM4 BiDi,Std(Ocl+GCS PD+GN2110B)",100G CWDM4 BiDi,100G QSFP28 SR1.2 BiDi Gen3.0,fuzzy,,56.4,100G QSFP28 SR1.2 BiDi Gen3.0
1000.0,500-5648,"100G CWDM4 COP Gen3.1,YJ+Sif,Std",100G CWDM4 COP Gen3.1,40G QSFP+ LR4 Gen3.0(100G QSFP28 CWDM4 Gen2.0 platform),fuzzy,100G QSFP28 CWDM4 Gen3.1,75.6,40G QSFP+ LR4 Gen3.0(100G QSFP28 CWDM4 Gen2.0 platform)
1000.0,500-6015,"100G CWDM4 COP Gen3.1,MX+Sif,baidu",100G CWDM4 COP Gen3.1,40G QSFP+ LR4 Gen3.0(100G QSFP28 CWDM4 Gen2.0 platform),fuzzy,100G QSFP28 CWDM4 Gen3.1,75.6,40G QSFP+ LR4 Gen3.0(100G QSFP28 CWDM4 Gen2.0 platform)
1000.0,500-6016,"100G CWDM4 COP Gen3.1,YJ+Sif,baidu",100G CWDM4 COP Gen3.1,40G QSFP+ LR4 Gen3.0(100G QSFP28 CWDM4 Gen2.0 platform),fuzzy,100G QSFP28 CWDM4 Gen3.1,75.6,40G QSFP+ LR4 Gen3.0(100G QSFP28 CWDM4 Gen2.0 platform)
1000.0,500-6017,"100G CWDM4 COP Gen3.1,MX+Sif,Tencent",100G CWDM4 COP Gen3.1,40G QSFP+ LR4 Gen3.0(100G QSFP28 CWDM4 Gen2.0 platform),fuzzy,100G QSFP28 CWDM4 Gen3.1,75.6,40G QSFP+ LR4 Gen3.0(100G QSFP28 CWDM4 Gen2.0 platform)
1000.0,500-6019,"100G CWDM4 COP Gen3.1,MX+Sif,Tencent DCI",100G CWDM4 COP Gen3.1,40G QSFP+ LR4 Gen3.0(100G QSFP28 CWDM4 Gen2.0 platform),fuzzy,100G QSFP28 CWDM4 Gen3.1,75.6,40G QSFP+ LR4 Gen3.0(100G QSFP28 CWDM4 Gen2.0 platform)
1000.0,500-6262,"100G CWDM4 COP Gen3.1,Rx only,Tencent",100G CWDM4 COP Gen3.1,40G QSFP+ LR4 Gen3.0(100G QSFP28 CWDM4 Gen2.0 platform),fuzzy,100G QSFP28 CWDM4 Gen3.1,75.6,40G QSFP+ LR4 Gen3.0(100G QSFP28 CWDM4 Gen2.0 platform)
1000.0,500-6417,"100G CWDM4 COP Gen3.1,Mit+Sif,Alibaba",100G CWDM4 COP Gen3.1,40G QSFP+ LR4 Gen3.0(100G QSFP28 CWDM4 Gen2.0 platform),fuzzy,100G QSFP28 CWDM4 Gen3.1,75.6,40G QSFP+ LR4 Gen3.0(100G QSFP28 CWDM4 Gen2.0 platform)
1000.0,500-6420,"100G CWDM4 COP Gen3.1,Mit+Sif,baidu",100G CWDM4 COP Gen3.1,40G QSFP+ LR4 Gen3.0(100G QSFP28 CWDM4 Gen2.0 platform),fuzzy,100G QSFP28 CWDM4 Gen3.1,75.6,40G QSFP+ LR4 Gen3.0(100G QSFP28 CWDM4 Gen2.0 platform)
1000.0,500-6421,"100G CWDM4 COP Gen3.1,Mit+Sif,Jingdong",100G CWDM4 COP Gen3.1,40G QSFP+ LR4 Gen3.0(100G QSFP28 CWDM4 Gen2.0 platform),fuzzy,100G QSFP28 CWDM4 Gen3.1,75.6,40G QSFP+ LR4 Gen3.0(100G QSFP28 CWDM4 Gen2.0 platform)
1000.0,500-6433,"100G CWDM4 COP G3.1,Oclaro Recycle,baidu",100G CWDM4 COP Gen3.1,40G QSFP+ LR4 Gen3.0(100G QSFP28 CWDM4 Gen2.0 platform),fuzzy,100G QSFP28 CWDM4 Gen3.1,75.6,40G QSFP+ LR4 Gen3.0(100G QSFP28 CWDM4 Gen2.0 platform)
1000.0,500-4956,100G CWDM4 Gen3 for HT(34062212),100G CWDM4 Gen3 for HT(34062212),40G QSFP+ LR4 Gen3.0(100G QSFP28 CWDM4 Gen2.0 platform),fuzzy,,57.1,40G QSFP+ LR4 Gen3.0(100G QSFP28 CWDM4 Gen2.0 platform)
1000.0,500-4483,"100G CWDM4 V2,HT,34061299-001,Weld+Ocl",100G CWDM4 V2,40G QSFP+ LR4 Gen3.0(100G QSFP28 CWDM4 Gen2.0 platform),fuzzy,,64.9,40G QSFP+ LR4 Gen3.0(100G QSFP28 CWDM4 Gen2.0 platform)
1000.0,500-3776-02,"100G CWDM4 V2.0,Std(Welding+Oclaro DFB)",100G CWDM4 V2.0,100G QSFP28 CSR4 Gen1.0 W/CDR,fuzzy,,71.8,100G QSFP28 CSR4 Gen1.0 W/CDR
1000.0,500-4190,"100G CWDM4 V2.0,baidu(Weld+Oclaro DFB)",100G CWDM4 V2.0,100G QSFP28 CSR4 Gen1.0 W/CDR,fuzzy,,71.8,100G QSFP28 CSR4 Gen1.0 W/CDR
1000.0,500-4212,"100G CWDM4 V2.0,HT,34061299,Oclaro DFB",100G CWDM4 V2.0,100G QSFP28 CSR4 Gen1.0 W/CDR,fuzzy,,71.8,100G QSFP28 CSR4 Gen1.0 W/CDR
1000.0,500-4292,"100G CWDM4 V2.0,Std(Gen3 Mitsubishi DFB)",100G CWDM4 V2.0,100G QSFP28 CSR4 Gen1.0 W/CDR,fuzzy,,71.8,100G QSFP28 CSR4 Gen1.0 W/CDR
7000.0,500-4293,"100G CWDM4 V2.0,Blank(Gen3 Mit DFB)",100G CWDM4 V2.0,100G QSFP28 CSR4 Gen1.0 W/CDR,fuzzy,,71.8,100G QSFP28 CSR4 Gen1.0 W/CDR
1000.0,500-4325,"100G CWDM4 V2.0,J3 740-061408(Gen3 Mit)",100G CWDM4 V2.0,100G QSFP28 CSR4 Gen1.0 W/CDR,fuzzy,,71.8,100G QSFP28 CSR4 Gen1.0 W/CDR
7000.0,500-4325,"100G CWDM4 V2.0,J3 740-061408(Gen3 Mit)",100G CWDM4 V2.0,100G QSFP28 CSR4 Gen1.0 W/CDR,fuzzy,,71.8,100G QSFP28 CSR4 Gen1.0 W/CDR
1000.0,500-4327,"100G CWDM4 V2.0,Alibaba(Gen3 Mit DFB)",100G CWDM4 V2.0,100G QSFP28 CSR4 Gen1.0 W/CDR,fuzzy,,71.8,100G QSFP28 CSR4 Gen1.0 W/CDR
1000.0,500-4378,"100G CWDM4 V2.0,HP,Weld(Ocl DFB+M37244)",100G CWDM4 V2.0,100G QSFP28 CSR4 Gen1.0 W/CDR,fuzzy,,71.8,100G QSFP28 CSR4 Gen1.0 W/CDR
1000.0,500-5216-030,"100G Q28 AOC G3,30m,Avago LP Vcsel,Std",100G QSFP28 AOC Gen3,100G QSFP28 AOC Gen3.0,model_contains_prefix,100G QSFP28 AOC Gen3.0,95.2,100G QSFP28 AOC Gen3.0
1000.0,500-6283-010,"100G QSFP28 AOC Gen3,10m,Avago,ERI",100G QSFP28 AOC Gen3,100G QSFP28 AOC Gen3.0,model_contains_prefix,100G QSFP28 AOC Gen3.0,95.2,100G QSFP28 AOC Gen3.0
7000.0,500-6283-010,"100G QSFP28 AOC Gen3,10m,Avago,ERI",100G QSFP28 AOC Gen3,100G QSFP28 AOC Gen3.0,model_contains_prefix,100G QSFP28 AOC Gen3.0,95.2,100G QSFP28 AOC Gen3.0
1000.0,500-6357-001,"100G QSFP28 AOC Gen3,1m,Avago,FlexO",100G QSFP28 AOC Gen3,100G QSFP28 AOC Gen3.0,model_contains_prefix,100G QSFP28 AOC Gen3.0,95.2,100G QSFP28 AOC Gen3.0
1000.0,500-6357-003,"100G QSFP28 AOC Gen3,3m,Avago,FlexO",100G QSFP28 AOC Gen3,100G QSFP28 AOC Gen3.0,model_contains_prefix,100G QSFP28 AOC Gen3.0,95.2,100G QSFP28 AOC Gen3.0
1000.0,500-6357-010,"100G QSFP28 AOC Gen3,10m,Avago,FlexO",100G QSFP28 AOC Gen3,100G QSFP28 AOC Gen3.0,model_contains_prefix,100G QSFP28 AOC Gen3.0,95.2,100G QSFP28 AOC Gen3.0
1000.0,500-6382-010,"100G QSFP28 AOC Gen3,10m,Avago,Infin",100G QSFP28 AOC Gen3,100G QSFP28 AOC Gen3.0,model_contains_prefix,100G QSFP28 AOC Gen3.0,95.2,100G QSFP28 AOC Gen3.0
1000.0,500-3426-003,"100G QSFP28 AOC V2,Macom,Std,nalux lens",100G QSFP28 AOC V2,100G QSFP28 AOC Gen4.0,prefix_contains_model,100G QSFP28 AOC Gen4.0,80.0,100G QSFP28 AOC Gen4.0
1000.0,500-3426-005,"100G QSFP28 AOC V2,Macom,Std,nalux lens",100G QSFP28 AOC V2,100G QSFP28 AOC Gen4.0,prefix_contains_model,100G QSFP28 AOC Gen4.0,80.0,100G QSFP28 AOC Gen4.0
1000.0,500-3264-007,"100G QSFP28 AOC V2M,850nm,7m,0~70C,HP",100G QSFP28 AOC V2M,100G QSFP28 AOC Gen4.0,prefix_contains_model,100G QSFP28 AOC Gen4.0,78.0,100G QSFP28 AOC Gen4.0
1000.0,500-3264-010,"100G QSFP28 AOC V2M,850nm10m,0~70C,HP",100G QSFP28 AOC V2M,100G QSFP28 AOC Gen4.0,prefix_contains_model,100G QSFP28 AOC Gen4.0,78.0,100G QSFP28 AOC Gen4.0
1000.0,500-3264-020,"100G QSFP28 AOC V2M,850nm,20m,0~70C,HP",100G QSFP28 AOC V2M,100G QSFP28 AOC Gen4.0,prefix_contains_model,100G QSFP28 AOC Gen4.0,78.0,100G QSFP28 AOC Gen4.0
1000.0,500-3265-007,"100G QSFP28 AOC V2M,850nm,7m,0~70C,H3C",100G QSFP28 AOC V2M,100G QSFP28 AOC Gen4.0,prefix_contains_model,100G QSFP28 AOC Gen4.0,78.0,100G QSFP28 AOC Gen4.0
1000.0,500-3265-010,"100G QSFP28 AOC V2M,850nm,10m,0~70C,H3C",100G QSFP28 AOC V2M,100G QSFP28 AOC Gen4.0,prefix_contains_model,100G QSFP28 AOC Gen4.0,78.0,100G QSFP28 AOC Gen4.0
1000.0,500-3265-020,"100G QSFP28 AOC V2M,850nm,20m,0~70C,H3C",100G QSFP28 AOC V2M,100G QSFP28 AOC Gen4.0,prefix_contains_model,100G QSFP28 AOC Gen4.0,78.0,100G QSFP28 AOC Gen4.0
1000.0,500-3426-001,"100G QSFP28 AOC V2M,1m,Std,nalux lens",100G QSFP28 AOC V2M,100G QSFP28 AOC Gen4.0,prefix_contains_model,100G QSFP28 AOC Gen4.0,78.0,100G QSFP28 AOC Gen4.0
1000.0,500-3432-003,"100G QSFP28 AOC V2M,3m,JC(740-065631）",100G QSFP28 AOC V2M,100G QSFP28 AOC Gen4.0,prefix_contains_model,100G QSFP28 AOC Gen4.0,78.0,100G QSFP28 AOC Gen4.0
1000.0,500-3830-010,"100G QSFP28 AOC V2M,MMF 10m,for Coriant",100G QSFP28 AOC V2M,100G QSFP28 AOC Gen4.0,prefix_contains_model,100G QSFP28 AOC Gen4.0,78.0,100G QSFP28 AOC Gen4.0
1000.0,500-6035,"100G QSFP28 CLR4,HT(GN2105B+GN2110S)",100G QSFP28 CLR4,100G QSFP28 CLR4 non-FEC Gen1.0,model_contains_prefix,100G QSFP28 SR4 Gen5.0,73.7,100G QSFP28 CLR4 non-FEC Gen1.0
1000.0,500-6080,"100G QSFP28 CWDM4 BiDi Blank(Ocl),V1.0",100G QSFP28 CWDM4 BiDi Blank(Ocl),100G QSFP28 CWDM4 Gen2.0,prefix_contains_model,,67.7,100G QSFP28 CWDM4 Gen2.0
7000.0,561-0056,"100G QSFP28 CWDM4 COP,Std(Weld+Ocl),TW",100G QSFP28 CWDM4 COP,100G QSFP28 CWDM4 Gen2.0,prefix_contains_model,100G QSFP28 CWDM4 Gen2.0,80.0,100G QSFP28 CWDM4 Gen2.0
7000.0,561-0057,"100G QSFP28 CWDM4 COP Std(Weld+Mit),TW",100G QSFP28 CWDM4 COP Std(Weld+Mit),100G QSFP28 CWDM4 Gen2.0,prefix_contains_model,,65.6,100G QSFP28 CWDM4 Gen2.0
1000.0,500-5387,100G QSFP28 CWDM4 COP Tencent(Weld+Ocl),100G QSFP28 CWDM4 COP Tencent(Weld+Ocl),100G QSFP28 CWDM4 Gen2.0,prefix_contains_model,,64.7,100G QSFP28 CWDM4 Gen2.0
1000.0,500-5281,"100G QSFP28 CWDM4 COP V2 Google,Mit DFB",100G QSFP28 CWDM4 COP V2 Google,100G QSFP28 CWDM4 Gen2.0,prefix_contains_model,100G QSFP28 CWDM4 Gen3.0,72.7,100G QSFP28 CWDM4 Gen2.0
1000.0,500-5282,100G QSFP28 CWDM4 COP V2 Google Weld+Ocl,100G QSFP28 CWDM4 COP V2 Google Weld+Ocl,100G QSFP28 CWDM4 Gen2.0,prefix_contains_model,,62.5,100G QSFP28 CWDM4 Gen2.0
7000.0,561-0098,"100G QSFP28 CWDM4 COP V2(Mit),Cisco,TW",100G QSFP28 CWDM4 COP V2(Mit),100G QSFP28 CWDM4 Gen2.0,prefix_contains_model,,71.7,100G QSFP28 CWDM4 Gen2.0
1000.0,500-6912,100G QSFP28 CWDM4 COP V2.0 2Km Precision,100G QSFP28 CWDM4 COP V2.0 2Km Precision,100G QSFP28 CWDM4 Gen2.0,prefix_contains_model,,65.6,100G QSFP28 CWDM4 Gen2.0
1000.0,500-6984,100G QSFP28 CWDM4 COP V2.0 2Km baidu,100G QSFP28 CWDM4 COP V2.0 2Km baidu,100G QSFP28 CWDM4 Gen2.0,prefix_contains_model,,70.0,100G QSFP28 CWDM4 Gen2.0
1000.0,500-5550,"100G QSFP28 CWDM4 Gen3,HT,SEI DFB",100G QSFP28 CWDM4 Gen3,100G QSFP28 CWDM4 Gen3.0,model_contains_prefix,100G QSFP28 CWDM4 Gen3.0,95.7,100G QSFP28 CWDM4 Gen3.0
1000.0,500-5595,"100G QSFP28 CWDM4 Gen3,Tencent(SEI,Sif)",100G QSFP28 CWDM4 Gen3,100G QSFP28 CWDM4 Gen3.0,model_contains_prefix,100G QSFP28 CWDM4 Gen3.0,95.7,100G QSFP28 CWDM4 Gen3.0
1000.0,500-5596,"100G Q28 CWDM4 Gen3,Tencent DCI(SEI,Sif)",100G QSFP28 CWDM4 Gen3,100G QSFP28 CWDM4 Gen3.0,model_contains_prefix,100G QSFP28 CWDM4 Gen3.0,95.7,100G QSFP28 CWDM4 Gen3.0
1000.0,500-6204,"100G Q28 CWDM4 Gen3,BD(SEI,2105B+2110S)",100G QSFP28 CWDM4 Gen3,100G QSFP28 CWDM4 Gen3.0,model_contains_prefix,100G QSFP28 CWDM4 Gen3.0,95.7,100G QSFP28 CWDM4 Gen3.0
1000.0,500-6285,"100G QSFP28 CWDM4 Gen3,HT(34061299-001)",100G QSFP28 CWDM4 Gen3,100G QSFP28 CWDM4 Gen3.0,model_contains_prefix,100G QSFP28 CWDM4 Gen3.0,95.7,100G QSFP28 CWDM4 Gen3.0
1000.0,500-7041,"100G QSFP28 CWDM4 Gen3 1310nm,2Km HT",100G QSFP28 CWDM4 Gen3 1310nm,100G QSFP28 CWDM4 Gen2.0,prefix_contains_model,100G QSFP28 CWDM4 Gen3.0,86.8,100G QSFP28 CWDM4 Gen3.0
7000.0,561-0099,"100G QSFP28 CWDM4 Lite V2(Mit),Cisco,TW",100G QSFP28 CWDM4 Lite V2(Mit),100G QSFP28 CWDM4 Gen2.0,prefix_contains_model,100G QSFP28 CWDM4 Lite Gen2.0,81.4,100G QSFP28 CWDM4 Gen2.0
1000.0,500-5499,"100G Q28 CWDM4 V2.0,Cisco(Weld+Mit DFB)",100G QSFP28 CWDM4 V2.0,100G QSFP28 CWDM4 Gen2.0,prefix_contains_model,100G QSFP28 CWDM4 Gen2.0,91.3,100G QSFP28 CWDM4 Gen2.0
1000.0,500-6159-001,"100G QSFP28 Gen3,SFP28 V4S AOC,1M,Std",100G QSFP28 Gen3,100G QSFP28 CSR4 Gen1.0 W/CDR,fuzzy,100G QSFP28 AOC Gen3.0,84.2,100G QSFP28 CSR4 Gen1.0 W/CDR
1000.0,500-6159-002,"100G QSFP28 Gen3,SFP28 V4S AOC,2M,Std",100G QSFP28 Gen3,100G QSFP28 CSR4 Gen1.0 W/CDR,fuzzy,100G QSFP28 AOC Gen3.0,84.2,100G QSFP28 CSR4 Gen1.0 W/CDR
1000.0,500-6159-003,"100G QSFP28 Gen3,SFP28 V4S AOC,3M,Std",100G QSFP28 Gen3,100G QSFP28 CSR4 Gen1.0 W/CDR,fuzzy,100G QSFP28 AOC Gen3.0,84.2,100G QSFP28 CSR4 Gen1.0 W/CDR
1000.0,500-6159-005,"100G QSFP28 Gen3,SFP28 V4S AOC,5M,Std",100G QSFP28 Gen3,100G QSFP28 CSR4 Gen1.0 W/CDR,fuzzy,100G QSFP28 AOC Gen3.0,84.2,100G QSFP28 CSR4 Gen1.0 W/CDR
1000.0,500-6159-015,"100G QSFP28 Gen3,SFP28 V4S AOC,15M,Std",100G QSFP28 Gen3,100G QSFP28 CSR4 Gen1.0 W/CDR,fuzzy,100G QSFP28 AOC Gen3.0,84.2,100G QSFP28 CSR4 Gen1.0 W/CDR
1000.0,500-6159-020,"100G QSFP28 Gen3,SFP28 V4S AOC,20M,Std",100G QSFP28 Gen3,100G QSFP28 CSR4 Gen1.0 W/CDR,fuzzy,100G QSFP28 AOC Gen3.0,84.2,100G QSFP28 CSR4 Gen1.0 W/CDR
1000.0,500-6159-025,"100G QSFP28 Gen3,SFP28 V4S AOC,25M,Std",100G QSFP28 Gen3,100G QSFP28 CSR4 Gen1.0 W/CDR,fuzzy,100G QSFP28 AOC Gen3.0,84.2,100G QSFP28 CSR4 Gen1.0 W/CDR
7000.0,500-6282-010,"100G QSFP28 Gen3,SFP28 V4S AOC,10M,ERI",100G QSFP28 Gen3,100G QSFP28 CSR4 Gen1.0 W/CDR,fuzzy,100G QSFP28 AOC Gen3.0,84.2,100G QSFP28 CSR4 Gen1.0 W/CDR
1000.0,500-6394-010,"100G QSFP28 Gen3,SFP28 V4S AOC,10M,Flex",100G QSFP28 Gen3,100G QSFP28 CSR4 Gen1.0 W/CDR,fuzzy,100G QSFP28 AOC Gen3.0,84.2,100G QSFP28 CSR4 Gen1.0 W/CDR
1000.0,500-5384,100G Q28 SR4 GEN3（Avago ＆LP Vcsel）H3C,100G QSFP28 SR4 GEN3（Avago ＆LP Vcsel）H3C,100G QSFP28 SR4 Gen5.0,prefix_contains_model,,64.5,100G QSFP28 SR4 Gen5.0
1000.0,500-6681,100G Q28 SR4 GEN3（Avago ＆LP Vcsel）H3C,100G QSFP28 SR4 GEN3（Avago ＆LP Vcsel）H3C,100G QSFP28 SR4 Gen5.0,prefix_contains_model,,64.5,100G QSFP28 SR4 Gen5.0
1000.0,500-5522,"100G Q28 SR4 G3,Avago LP Vcsel Array,ZTE",100G QSFP28 SR4 Gen3,100G QSFP28 SR4 Gen3.0,model_contains_prefix,100G QSFP28 SR4 Gen3.0,95.2,100G QSFP28 SR4 Gen3.0
1000.0,500-5702,"100G Q28 SR4 G3,BRCM Vcsel Cisco",100G QSFP28 SR4 Gen3,100G QSFP28 SR4 Gen3.0,model_contains_prefix,100G QSFP28 SR4 Gen3.0,95.2,100G QSFP28 SR4 Gen3.0
1000.0,500-5818,"100G Q28 SR4 G3,Avago Vcsel Cisco",100G QSFP28 SR4 Gen3,100G QSFP28 SR4 Gen3.0,model_contains_prefix,100G QSFP28 SR4 Gen3.0,95.2,100G QSFP28 SR4 Gen3.0
1000.0,500-6336,"100G Q28 SR4 G3,Avago LP Vcsel Array,ZTE",100G QSFP28 SR4 Gen3,100G QSFP28 SR4 Gen3.0,model_contains_prefix,100G QSFP28 SR4 Gen3.0,95.2,100G QSFP28 SR4 Gen3.0
1000.0,500-5989,100G Q28 SR4 Gen3 Avago HP,100G QSFP28 SR4 Gen3 Avago HP,100G QSFP28 SR4 Gen5.0,prefix_contains_model,100G QSFP28 SR4 Gen3.0,78.4,100G QSFP28 SR4 Gen5.0
1000.0,500-5594,"100G Q28 SR4 G3 Avago LP Vcsel,Tencent",100G QSFP28 SR4 Gen3 Avago LP Vcsel,100G QSFP28 SR4 Gen5.0,prefix_contains_model,,70.2,100G QSFP28 SR4 Gen5.0
1000.0,500-5990,100G Q28 SR4 Gen3 Avago UNIS,100G QSFP28 SR4 Gen3 Avago UNIS,100G QSFP28 SR4 Gen5.0,prefix_contains_model,100G QSFP28 SR4 Gen3.0,75.5,100G QSFP28 SR4 Gen5.0
1000.0,500-5988,100G Q28 SR4 Gen3 Avago baidu,100G QSFP28 SR4 Gen3 Avago baidu,100G QSFP28 SR4 Gen5.0,prefix_contains_model,100G QSFP28 SR4 Gen3.0,74.1,100G QSFP28 SR4 Gen5.0
1000.0,500-5601,"100G Q28 SR4 G3 Sony Vcsel,SB System",100G QSFP28 SR4 Gen3 Sony Vcsel,100G QSFP28 SR4 Gen5.0,prefix_contains_model,100G QSFP28 SR4 Gen3.0,75.5,100G QSFP28 SR4 Gen5.0
1000.0,500-3186,"100GQSFP28 SR4 V2,Macom 100m,HT,34061089",100G QSFP28 SR4 V2,100G QSFP28 SR4 Gen5.0,prefix_contains_model,100G QSFP28 SR4 Gen5.0,80.0,100G QSFP28 SR4 Gen5.0
1000.0,500-3287,"100G QSFP28 SR4 V2,100m,Macom,vitex(MRV)",100G QSFP28 SR4 V2,100G QSFP28 SR4 Gen5.0,prefix_contains_model,100G QSFP28 SR4 Gen5.0,80.0,100G QSFP28 SR4 Gen5.0
1000.0,500-3385,"100G QSFP28 SR4 V2,100m Coriant,ULM PD",100G QSFP28 SR4 V2,100G QSFP28 SR4 Gen5.0,prefix_contains_model,100G QSFP28 SR4 Gen5.0,80.0,100G QSFP28 SR4 Gen5.0
1000.0,500-3480,"100G QSFP28 SR4 V2,Macom,JC(740-061405)",100G QSFP28 SR4 V2,100G QSFP28 SR4 Gen5.0,prefix_contains_model,100G QSFP28 SR4 Gen5.0,80.0,100G QSFP28 SR4 Gen5.0
1000.0,500-3335,"100G QSFP28 SR4 V2 100m Macom,Precision",100G QSFP28 SR4 V2 100m Macom,100G QSFP28 SR4 Gen5.0,prefix_contains_model,,66.7,100G QSFP28 SR4 Gen5.0
1000.0,500-3292,"100G QSFP28 SR4 V2M,100m,vitex(Gigamon)",100G QSFP28 SR4 V2M,100G QSFP28 SR4 Gen5.0,prefix_contains_model,100G QSFP28 SR4 Gen5.0,78.0,100G QSFP28 SR4 Gen5.0
1000.0,500-3344,"100G QSFP28 SR4 V2M,100m,Std,nalux lens",100G QSFP28 SR4 V2M,100G QSFP28 SR4 Gen5.0,prefix_contains_model,100G QSFP28 SR4 Gen5.0,78.0,100G QSFP28 SR4 Gen5.0
1000.0,500-3665,"100G QSFP28 SR4 V2M,for ECI Dual Rate",100G QSFP28 SR4 V2M,100G QSFP28 SR4 Gen5.0,prefix_contains_model,100G QSFP28 SR4 Gen5.0,78.0,100G QSFP28 SR4 Gen5.0
1000.0,500-3884,"100G QSFP28 SR4 V2M,100m,0~70C,for ADVA",100G QSFP28 SR4 V2M,100G QSFP28 SR4 Gen5.0,prefix_contains_model,100G QSFP28 SR4 Gen5.0,78.0,100G QSFP28 SR4 Gen5.0
1000.0,500-4349,"100G QSFP28 SR4 V2M,for BM(NO Pull tab)",100G QSFP28 SR4 V2M,100G QSFP28 SR4 Gen5.0,prefix_contains_model,100G QSFP28 SR4 Gen5.0,78.0,100G QSFP28 SR4 Gen5.0
1000.0,500-5225,"100G Q28 SR4 V2M,100m,Std LP Vcsel",100G QSFP28 SR4 V2M,100G QSFP28 SR4 Gen5.0,prefix_contains_model,100G QSFP28 SR4 Gen5.0,78.0,100G QSFP28 SR4 Gen5.0
7000.0,561-0005,"100G QSFP28 SR4_TR-FC85S-N70,from TW",100G QSFP28 SR4_TR-FC85S-N70,100G QSFP28 SR4 Gen5.0,prefix_contains_model,,68.0,100G QSFP28 SR4 Gen5.0
1000.0,500-5529,"100G QSFP28 eCWDM4 Gen3,Alibaba,R0",100G QSFP28 eCWDM4 Gen3,100G QSFP28 eCWDM4 Gen2.0,prefix_contains_model,100G QSFP28 CWDM4 Gen3.0,93.6,100G QSFP28 CWDM4 Gen3.0
7000.0,561-0125,"100G SR4 100m semetch+Sony+GCS,cisco TW",100G SR4 100m semetch+Sony+GCS,,no_match,,52.5,
1000.0,500-4925,"100G SR4 Gen3,Avago LP Vcsel array,Stan",100G SR4 Gen3,100G QSFP28 SR1.2 BiDi Gen3.0,fuzzy,100G QSFP28 SR4 Gen3.0,74.3,100G QSFP28 SR1.2 BiDi Gen3.0
1000.0,500-6496,"100G SR4 G3,GN2108S+GN2109S,Precision",100G SR4 Gen3,100G QSFP28 SR1.2 BiDi Gen3.0,fuzzy,100G QSFP28 SR4 Gen3.0,74.3,100G QSFP28 SR1.2 BiDi Gen3.0
7000.0,561-0104,"100G SR4 Gen3,Avago Vcsel array,Std,TW",100G SR4 Gen3,100G QSFP28 SR1.2 BiDi Gen3.0,fuzzy,100G QSFP28 SR4 Gen3.0,74.3,100G QSFP28 SR1.2 BiDi Gen3.0
7000.0,561-0118,"100G SR4 Gen3,Avago Vcsel,Keysight,TW",100G SR4 Gen3,100G QSFP28 SR1.2 BiDi Gen3.0,fuzzy,100G QSFP28 SR4 Gen3.0,74.3,100G QSFP28 SR1.2 BiDi Gen3.0
7000.0,561-0119,"100G SR4 Gen3,Sem+Avago Vcsel,Cinea,TW",100G SR4 Gen3,100G QSFP28 SR1.2 BiDi Gen3.0,fuzzy,100G QSFP28 SR4 Gen3.0,74.3,100G QSFP28 SR1.2 BiDi Gen3.0
1000.0,500-6512,"100G SR4 Gen3 100G adaptive 40G,std",100G SR4 Gen3 100G adaptive 40G,40G QSFP+ LR4 Gen3.0(100G QSFP28 CWDM4 Gen2.0 platform),fuzzy,,52.8,40G QSFP+ LR4 Gen3.0(100G QSFP28 CWDM4 Gen2.0 platform)
1000.0,500-4955,100G SR4 Gen3 for Ali(Avago＆LP Vcsel),100G SR4 Gen3 for Ali(Avago＆LP Vcsel),,no_match,,47.6,
1000.0,500-4954,100G SR4 Gen3 for HT(Avago＆LP Vcsel),100G SR4 Gen3 for HT(Avago＆LP Vcsel),,no_match,,46.2,
7000.0,561-0124,"100G SR4 G3 semetch+Avago+GCS,cisco TW",100G SR4 Gen3 semetch+Avago+GCS,100G QSFP28 SR4 Gen3.0,fuzzy,,54.8,100G QSFP28 SR4 Gen3.0
1000.0,500-6059,"100G SR4 Gen3.1,Lumentum Vcsel array,Std",100G SR4 Gen3.1,100G QSFP28 SR1.2 BiDi Gen3.0,fuzzy,100G QSFP28 SR4 Gen3.0,75.7,100G QSFP28 SR1.2 BiDi Gen3.0
1000.0,500-4619,"100G SR4 V2,100m,Macom CDR,0~70C,Arista",100G SR4 V2,100G QSFP28 SR4 Gen5.0,fuzzy,,58.1,100G QSFP28 SR4 Gen5.0
1000.0,500-6726,"100G SR4 V2,Macom 100m,HT,34061089-004",100G SR4 V2,100G QSFP28 SR4 Gen5.0,fuzzy,,58.1,100G QSFP28 SR4 Gen5.0
1000.0,500-3190,"100G SR4 V2M,100m,Alibaba(AB-QT0685S4n)",100G SR4 V2M,100G QSFP28 SR4 Gen5.0,fuzzy,,56.2,100G QSFP28 SR4 Gen5.0
1000.0,500-4005,"100G SR4 V2M,100mHaiwai Ali,AB-QT0685S4n",100G SR4 V2M,100G QSFP28 SR4 Gen5.0,fuzzy,,56.2,100G QSFP28 SR4 Gen5.0
7000.0,561-0028,"100G SR4 V2M,100m,Standard,from Taiwan",100G SR4 V2M,100G QSFP28 SR4 Gen5.0,fuzzy,,56.2,100G QSFP28 SR4 Gen5.0
1000.0,500-5819,"100G eCWDM4 Gen3 Receiver only,Ali R0",100G eCWDM4 Gen3 Receiver only,,no_match,,63.9,
7000.0,561-0035,"40G LR4 V3S,(CWDM4 Mits G3) Gigamon,TW",40G LR4 V3S,40G QSFP+ LR4 Gen3.0(100G QSFP28 CWDM4 Gen2.0 platform),fuzzy,,48.3,40G QSFP+ LR4 Gen3.0(100G QSFP28 CWDM4 Gen2.0 platform)
7000.0,561-0036,"40G LR4 V3S,(CWDM4 Oclaro) Gigamon,TW",40G LR4 V3S,40G QSFP+ LR4 Gen3.0(100G QSFP28 CWDM4 Gen2.0 platform),fuzzy,,48.3,40G QSFP+ LR4 Gen3.0(100G QSFP28 CWDM4 Gen2.0 platform)
1000.0,500-5059,40G QSFP IR4 V3 100G CWDM4 Gen3 Mit HP,40G QSFP IR4 V3 100G CWDM4 Gen3 Mit HP,40G QSFP+ LR4 Gen3.0(100G QSFP28 CWDM4 Gen2.0 platform),fuzzy,,64.5,40G QSFP+ LR4 Gen3.0(100G QSFP28 CWDM4 Gen2.0 platform)
1000.0,500-5060,40G QSFP LR4 V3 100G CWDM4 Gen3 Mit HP,40G QSFP LR4 V3 100G CWDM4 Gen3 Mit HP,40G QSFP+ LR4 Gen3.0(100G QSFP28 CWDM4 Gen2.0 platform),fuzzy,,64.5,40G QSFP+ LR4 Gen3.0(100G QSFP28 CWDM4 Gen2.0 platform)
1000.0,500-4640,"40G QSFP+ IR4 V3(CWDM4 Pla_Ocl,GCS)HT",40G QSFP+ IR4 V3(CWDM4 Pla_Ocl,40G QSFP+ IR4 Gen3.0(100G QSFP28 CWDM4 Gen2.0 platform),fuzzy,,61.2,40G QSFP+ IR4 Gen3.0(100G QSFP28 CWDM4 Gen2.0 platform)
1000.0,500-6266,"40G QSFP+ IR4 V3.0,Mit DFB,GCS,2km,UNIS",40G QSFP+ IR4 V3.0,40G QSFP+ LR4 Gen3.0(100G QSFP28 CWDM4 Gen2.0 platform),fuzzy,10G SFP+ LR Gen3.0,72.2,40G QSFP+ LR4 Gen3.0(100G QSFP28 CWDM4 Gen2.0 platform)
1000.0,500-6160,"40G QSFP+ IR4 V3.0(100G CWDM4 Ocl),UNIS",40G QSFP+ IR4 V3.0(100G CWDM4 Ocl),40G QSFP+ LR4 Gen3.0(100G QSFP28 CWDM4 Gen2.0 platform),fuzzy,,69.7,40G QSFP+ LR4 Gen3.0(100G QSFP28 CWDM4 Gen2.0 platform)
1000.0,500-5423,40G QSFP+ IR4 V3.0(100G Mit DFB)Juniper,40G QSFP+ IR4 V3.0(100G Mit DFB)Juniper,40G QSFP+ IR4 Gen3.0(100G QSFP28 CWDM4 Gen2.0 platform),fuzzy,,57.4,40G QSFP+ IR4 Gen3.0(100G QSFP28 CWDM4 Gen2.0 platform)
1000.0,500-5424,40G QSFP+ IR4 V3.0(100G Sum DFB)Juniper,40G QSFP+ IR4 V3.0(100G Sum DFB)Juniper,40G QSFP+ IR4 Gen3.0(100G QSFP28 CWDM4 Gen2.0 platform),fuzzy,,59.6,40G QSFP+ IR4 Gen3.0(100G QSFP28 CWDM4 Gen2.0 platform)
1000.0,500-5197,40G QSFP+ LR4 V3 Oclaro DFB Gigamon,40G QSFP+ LR4 V3 Oclaro DFB Gigamon,,no_match,,51.5,
1000.0,500-4639,"40G QSFP+ LR4 V3(CWDM4 Pla_Ocl,GCS)HT",40G QSFP+ LR4 V3(CWDM4 Pla_Ocl,40G QSFP+ LR4 Gen3.0(100G QSFP28 CWDM4 Gen2.0 platform),fuzzy,,61.2,40G QSFP+ LR4 Gen3.0(100G QSFP28 CWDM4 Gen2.0 platform)
1000.0,500-6267,"40G QSFP+ LR4 V3.0,Mit DFB,GCS,10km,UNIS",40G QSFP+ LR4 V3.0,400G QSFP-DD LR4 Gen2.0 InDrv,fuzzy,10G SFP+ LR Gen3.0,77.8,400G QSFP-DD LR4 Gen2.0 InDrv
1000.0,500-5602,"40G QSFP+ LR4 V3.0 Mit Gen3 DFB,Infinera",40G QSFP+ LR4 V3.0 Mit Gen3 DFB,40G QSFP+ LR4 Gen3.0(100G QSFP28 CWDM4 Gen2.0 platform),fuzzy,,63.3,40G QSFP+ LR4 Gen3.0(100G QSFP28 CWDM4 Gen2.0 platform)
1000.0,500-5523,"40G QSFP+ LR4 V3.0 Oclaro DFB,SB System",40G QSFP+ LR4 V3.0 Oclaro DFB,40G QSFP+ LR4 Gen3.0(100G QSFP28 CWDM4 Gen2.0 platform),fuzzy,,60.4,40G QSFP+ LR4 Gen3.0(100G QSFP28 CWDM4 Gen2.0 platform)
1000.0,500-6161,"40G QSFP+ LR4 V3.0(100G CWDM4 Ocl),UNIS",40G QSFP+ LR4 V3.0(100G CWDM4 Ocl),40G QSFP+ LR4 Gen3.0(100G QSFP28 CWDM4 Gen2.0 platform),fuzzy,,69.7,40G QSFP+ LR4 Gen3.0(100G QSFP28 CWDM4 Gen2.0 platform)
1000.0,500-7073,40G QSFP+ LR4 V3.0(100G CWDM4)10km HT,40G QSFP+ LR4 V3.0(100G CWDM4)10km HT,40G QSFP+ LR4 Gen3.0(100G QSFP28 CWDM4 Gen2.0 platform),fuzzy,,63.0,40G QSFP+ LR4 Gen3.0(100G QSFP28 CWDM4 Gen2.0 platform)
1000.0,500-4067-02,40G QSFP+ LR4 V3.0(CWDM4 Plat_Ocl DFB)JC,40G QSFP+ LR4 V3.0(CWDM4 Plat_Ocl DFB)JC,40G QSFP+ LR4 Gen3.0(100G QSFP28 CWDM4 Gen2.0 platform),fuzzy,,63.2,40G QSFP+ LR4 Gen3.0(100G QSFP28 CWDM4 Gen2.0 platform)
1000.0,500-4066-02,40G QSFP+ LR4 V3.0(CWDM4 Plat_Ocl DFB)JP,40G QSFP+ LR4 V3.0(CWDM4 Plat_Ocl DFB)JP,40G QSFP+ LR4 Gen3.0(100G QSFP28 CWDM4 Gen2.0 platform),fuzzy,,63.2,40G QSFP+ LR4 Gen3.0(100G QSFP28 CWDM4 Gen2.0 platform)
1000.0,500-6448,"40G QSFP+ LX4 Gen3(Q28 CWDM4 Gen3),H3C",40G QSFP+ LX4 Gen3(QSFP28 CWDM4 Gen3),40G QSFP+ LX4 Gen1.0(100G QSFP28 LX4 Gen1.0平台),prefix_contains_model,40G QSFP+ LX4 Gen3.0(100G QSFP28 CWDM4 Gen3.0 platform),80.4,40G QSFP+ LX4 Gen1.0(100G QSFP28 LX4 Gen1.0平台)
1000.0,500-6485,"40G QSFP+ LX4 Gen3(Q28 CWDM4 Gen3),Std",40G QSFP+ LX4 Gen3(QSFP28 CWDM4 Gen3),40G QSFP+ LX4 Gen1.0(100G QSFP28 LX4 Gen1.0平台),prefix_contains_model,40G QSFP+ LX4 Gen3.0(100G QSFP28 CWDM4 Gen3.0 platform),80.4,40G QSFP+ LX4 Gen1.0(100G QSFP28 LX4 Gen1.0平台)
1000.0,500-6803,40G QSFP+ LX4(100G QSFP28 CWDM4)H3C UNIS,40G QSFP+ LX4(100G QSFP28 CWDM4)H3C UNIS,100G QSFP28 CWDM4 Gen2.0,prefix_contains_model,,67.4,100G QSFP28 CWDM4 Gen2.0
1000.0,500-5057,"40G QSFP+IR4 V3 100G CWDM4 Mit DFB,H3C",40G QSFP+IR4 V3 100G CWDM4 Mit DFB,40G QSFP+ LR4 Gen3.0(100G QSFP28 CWDM4 Gen2.0 platform),fuzzy,,58.4,40G QSFP+ LR4 Gen3.0(100G QSFP28 CWDM4 Gen2.0 platform)
1000.0,500-4562,"40G QSFP+LR4 V3,CWDM4 S Platform_Ocl,Std",40G QSFP+LR4 V3,400G QSFP-DD LR4 Gen2.0 InDrv,fuzzy,,66.7,400G QSFP-DD LR4 Gen2.0 InDrv
1000.0,500-5056,"40G QSFP+LR4 V3 100G CWDM4 Mit DFB,H3C",40G QSFP+LR4 V3 100G CWDM4 Mit DFB,40G QSFP+ LR4 Gen3.0(100G QSFP28 CWDM4 Gen2.0 platform),fuzzy,,58.4,40G QSFP+ LR4 Gen3.0(100G QSFP28 CWDM4 Gen2.0 platform)
1000.0,500-5785,"40G&100G CWDM4 COP(S-180),AWS(Mit Gen3)",40G&100G CWDM4 COP(S-180),40G QSFP+ LR4 Gen3.0(100G QSFP28 CWDM4 Gen2.0 platform),fuzzy,,49.0,40G QSFP+ LR4 Gen3.0(100G QSFP28 CWDM4 Gen2.0 platform)
1000.0,500-4516,"40G&100G CWDM4 Lite,Facebook(Gen3 Mit)",40G&100G CWDM4 Lite,40G QSFP+ LR4 Gen3.0(100G QSFP28 CWDM4 Gen2.0 platform),fuzzy,,62.5,40G QSFP+ LR4 Gen3.0(100G QSFP28 CWDM4 Gen2.0 platform)
1000.0,500-4342,"40G&100G，CWDM4 V2.0,Std(Gen3 Mit DFB)",40G&100G，CWDM4 V2.0,40G QSFP+ LR4 Gen3.0(100G QSFP28 CWDM4 Gen2.0 platform),fuzzy,,60.5,40G QSFP+ LR4 Gen3.0(100G QSFP28 CWDM4 Gen2.0 platform)
1000.0,561-0026,"CWDM4,Juniper S3BU,Gen3 Mits DFB,TW",CWDM4,40G QSFP+ LR4 Gen3.0(100G QSFP28 CWDM4 Gen2.0 platform),model_contains_prefix,,34.5,40G QSFP+ LR4 Gen3.0(100G QSFP28 CWDM4 Gen2.0 platform)
7000.0,561-0026,"CWDM4,Juniper S3BU,Gen3 Mits DFB,TW",CWDM4,40G QSFP+ LR4 Gen3.0(100G QSFP28 CWDM4 Gen2.0 platform),model_contains_prefix,,34.5,40G QSFP+ LR4 Gen3.0(100G QSFP28 CWDM4 Gen2.0 platform)
1000.0,500-4888,"CWDM4 COP V2.0,FlexOptix(Gen3 Mit DFB)",CWDM4 COP V2.0,40G QSFP+ LR4 Gen3.0(100G QSFP28 CWDM4 Gen2.0 platform),fuzzy,,47.4,40G QSFP+ LR4 Gen3.0(100G QSFP28 CWDM4 Gen2.0 platform)
1000.0,500-4672,"CWDM4 V2.0,for UNIS,Weld(Ocl+M37244)",CWDM4 V2.0,40G QSFP+ LR4 Gen3.0(100G QSFP28 CWDM4 Gen2.0 platform),fuzzy,,52.9,40G QSFP+ LR4 Gen3.0(100G QSFP28 CWDM4 Gen2.0 platform)
1000.0,500-4794,QSFP+ IR4 V3.0(100G CWDM4_Oclaro DFB)HP,QSFP+ IR4 V3.0(100G CWDM4_Oclaro DFB)HP,40G QSFP+ IR4 Gen3.0(100G QSFP28 CWDM4 Gen2.0 platform),fuzzy,,59.6,40G QSFP+ IR4 Gen3.0(100G QSFP28 CWDM4 Gen2.0 platform)
1000.0,500-4793,QSFP+ IR4 V3.0(100G CWDM4_Oclaro) H3C,QSFP+ IR4 V3.0(100G CWDM4_Oclaro) H3C,40G QSFP+ LR4 Gen3.0(100G QSFP28 CWDM4 Gen2.0 platform),fuzzy,,60.9,40G QSFP+ LR4 Gen3.0(100G QSFP28 CWDM4 Gen2.0 platform)
1000.0,500-4693,"QSFP+ IR4 V3.0(Mitsubishi Gen3),Standard",QSFP+ IR4 V3.0(Mitsubishi Gen3),400G QSFP-DD AOC Gen3.0,fuzzy,,50.9,400G QSFP-DD AOC Gen3.0
1000.0,500-4890,"QSFP+ IR4/LR4 V3.0(100G_Mit Gen3),AWS",QSFP+ IR4/LR4 V3.0(100G_Mit Gen3),40G QSFP+ LR4 Gen3.0(100G QSFP28 CWDM4 Gen2.0 platform),fuzzy,,54.5,40G QSFP+ LR4 Gen3.0(100G QSFP28 CWDM4 Gen2.0 platform)
1000.0,500-5010,"QSFP+ IR4/LR4 V3.0(100G_Ocl DFB),for AWS",QSFP+ IR4/LR4 V3.0(100G_Ocl DFB),40G QSFP+ LR4 Gen3.0(100G QSFP28 CWDM4 Gen2.0 platform),fuzzy,,48.7,40G QSFP+ LR4 Gen3.0(100G QSFP28 CWDM4 Gen2.0 platform)
1000.0,500-4752,"QSFP+ LR4 V3.0 Ocl,GCS)HT(34060645-002)",QSFP+ LR4 V3.0 Ocl,400G QSFP-DD LR4 Gen2.0 InDrv,fuzzy,,61.1,400G QSFP-DD LR4 Gen2.0 InDrv
1000.0,500-4792,QSFP+ LR4 V3.0(100G CWDM4_Oclaro) HP,QSFP+ LR4 V3.0(100G CWDM4_Oclaro) HP,40G QSFP+ LR4 Gen3.0(100G QSFP28 CWDM4 Gen2.0 platform),fuzzy,,61.5,40G QSFP+ LR4 Gen3.0(100G QSFP28 CWDM4 Gen2.0 platform)
1000.0,500-4791,QSFP+ LR4 V3.0(100G CWDM4_Oclaro)H3C,QSFP+ LR4 V3.0(100G CWDM4_Oclaro)H3C,40G QSFP+ LR4 Gen3.0(100G QSFP28 CWDM4 Gen2.0 platform),fuzzy,,61.5,40G QSFP+ LR4 Gen3.0(100G QSFP28 CWDM4 Gen2.0 platform)
7000.0,561-0024,"QSFP+ LR4 V3.0(Mit Gen3)Standard,Taiwan",QSFP+ LR4 V3.0(Mit Gen3)Standard,40G QSFP+ LR4 Gen3.0(100G QSFP28 CWDM4 Gen2.0 platform),fuzzy,,49.2,40G QSFP+ LR4 Gen3.0(100G QSFP28 CWDM4 Gen2.0 platform)
1000.0,500-4692,"QSFP+ LR4 V3.0(Mitsubishi Gen3),Standard",QSFP+ LR4 V3.0(Mitsubishi Gen3),400G QSFP-DD AOC Gen3.0,fuzzy,,54.5,400G QSFP-DD AOC Gen3.0
1000.0,500-5275,QSFP+SR4 G3 40G 100m Std,QSFP+SR4 Gen3 40G 100m Std,40G QSFP+ LR4 Gen3.0(100G QSFP28 CWDM4 Gen2.0 platform),fuzzy,,54.2,40G QSFP+ LR4 Gen3.0(100G QSFP28 CWDM4 Gen2.0 platform)
1000.0,500-5614-010,Q28 AOC G3 10m BRCM Vcsel Cisco,QSFP28 AOC Gen3 10m BRCM Vcsel Cisco,,no_match,,55.2,
1000.0,500-5391-010,Q28 AOC G3 10m Sony Vcsel Cisco,QSFP28 AOC Gen3 10m Sony Vcsel Cisco,,no_match,,55.2,
1000.0,500-5614-015,Q28 AOC G3 15m BRCM Vcsel Cisco,QSFP28 AOC Gen3 15m BRCM Vcsel Cisco,,no_match,,51.7,
1000.0,500-5391-015,Q28 AOC G3 15m Sony Vcsel Cisco,QSFP28 AOC Gen3 15m Sony Vcsel Cisco,,no_match,,51.7,
1000.0,500-5614-001,Q28 AOC G3 1m BRCM Vcsel Cisco,QSFP28 AOC Gen3 1m BRCM Vcsel Cisco,,no_match,,52.6,
1000.0,500-5391-001,Q28 AOC G3 1m Sony Vcsel Cisco,QSFP28 AOC Gen3 1m Sony Vcsel Cisco,,no_match,,52.6,
1000.0,500-5614-020,Q28 AOC G3 20m BRCM Vcsel Cisco,QSFP28 AOC Gen3 20m BRCM Vcsel Cisco,,no_match,,55.2,
1000.0,500-5391-020,Q28 AOC G3 20m Sony Vcsel Cisco,QSFP28 AOC Gen3 20m Sony Vcsel Cisco,,no_match,,55.2,
1000.0,500-5614-025,Q28 AOC G3 25m BRCM Vcsel Cisco,QSFP28 AOC Gen3 25m BRCM Vcsel Cisco,,no_match,,51.7,
1000.0,500-5391-025,Q28 AOC G3 25m Sony Vcsel Cisco,QSFP28 AOC Gen3 25m Sony Vcsel Cisco,,no_match,,51.7,
1000.0,500-5614-002,Q28 AOC G3 2m BRCM Vcsel Cisco,QSFP28 AOC Gen3 2m BRCM Vcsel Cisco,,no_match,,52.6,
1000.0,500-5614-030,Q28 AOC G3 30m BRCM Vcsel Cisco,QSFP28 AOC Gen3 30m BRCM Vcsel Cisco,,no_match,,55.2,
1000.0,500-5391-030,Q28 AOC G3 30m Sony Vcsel Cisco,QSFP28 AOC Gen3 30m Sony Vcsel Cisco,,no_match,,55.2,
1000.0,500-5614-003,Q28 AOC G3 3m BRCM Vcsel Cisco,QSFP28 AOC Gen3 3m BRCM Vcsel Cisco,,no_match,,52.6,
1000.0,500-5391-003,Q28 AOC G3 3m Sony Vcsel Cisco,QSFP28 AOC Gen3 3m Sony Vcsel Cisco,,no_match,,52.6,
1000.0,500-5614-005,Q28 AOC G3 5m BRCM Vcsel Cisco,QSFP28 AOC Gen3 5m BRCM Vcsel Cisco,,no_match,,52.6,
1000.0,500-5391-005,Q28 AOC G3 5m Sony Vcsel Cisco,QSFP28 AOC Gen3 5m Sony Vcsel Cisco,,no_match,,52.6,
1000.0,500-5614-007,Q28 AOC G3 7m BRCM Vcsel Cisco,QSFP28 AOC Gen3 7m BRCM Vcsel Cisco,,no_match,,52.6,
1000.0,500-5391-007,Q28 AOC G3 7m Sony Vcsel Cisco,QSFP28 AOC Gen3 7m Sony Vcsel Cisco,,no_match,,52.6,
1000.0,500-4709,"QSFP28 CWDM4,HT(34061299)(Gen3 Mit)",QSFP28 CWDM4,40G QSFP+ LR4 Gen3.0(100G QSFP28 CWDM4 Gen2.0 platform),model_contains_prefix,,66.7,40G QSFP+ LR4 Gen3.0(100G QSFP28 CWDM4 Gen2.0 platform)
1000.0,500-5773,"Q28 CWDM4 Gen3,H3C(SEI,GN2105B+GN2110S)",QSFP28 CWDM4 Gen3,100G QSFP28 CWDM4 Gen3.0,model_contains_prefix,100G QSFP28 CWDM4 Gen3.0,82.9,100G QSFP28 CWDM4 Gen3.0
1000.0,500-5500,"Q28 CWDM4 Lite V2.0,Cisco(Weld+Mit DFB)",QSFP28 CWDM4 Lite V2.0,40G QSFP+ LR4 Gen3.0(100G QSFP28 CWDM4 Gen2.0 platform),fuzzy,100G QSFP28 CWDM4 Lite Gen2.0,82.4,40G QSFP+ LR4 Gen3.0(100G QSFP28 CWDM4 Gen2.0 platform)
1000.0,500-4188,"QSFP28 SR4 16GFC Macom Driver,Coriant",QSFP28 SR4 16GFC Macom Driver,,no_match,,51.7,
1000.0,500-5392,Q28 SR4 G3 100m AvagoVcsel Cisco,QSFP28 SR4 Gen3 100m AvagoVcsel Cisco,100G QSFP28 SR4 Gen3.0,fuzzy,,54.2,100G QSFP28 SR4 Gen3.0
1000.0,500-5481,Q28 SR4 G3 100m Sony Vcsel Cisco,QSFP28 SR4 Gen3 100m Sony Vcsel Cisco,,no_match,,54.2,
1000.0,500-3972-02,"TR-FC13T-N114,CWDM4 V2.0,Ali,Oclaro",TR-FC13T-N114,,no_match,,27.3,
