year_month,industry_sentiment,trade_policy,us_semi_tariff_china
2023-01,50.0,3.0,0.0
2023-02,50.0,3.0,0.0
2023-03,50.0,3.0,0.0
2023-04,50.0,3.0,0.0
2023-05,50.0,3.0,0.0
2023-06,50.0,1.0,0.0
2023-07,50.0,3.0,0.0
2023-08,50.0,3.0,0.0
2023-09,50.0,3.0,0.0
2023-10,50.0,3.0,0.0
2023-11,50.0,3.0,0.0
2023-12,50.0,3.0,0.0
2024-01,50.0,3.0,0.0
2024-02,50.0,1.0,0.0
2024-03,50.0,3.0,0.0
2024-04,50.0,3.0,0.0
2024-05,50.0,3.0,0.0
2024-06,50.0,3.0,0.0
2024-07,50.0,3.0,0.0
2024-08,50.0,1.0,0.0
2024-09,50.0,3.0,0.0
2024-10,50.0,3.0,0.0
2024-11,50.0,3.0,0.0
2024-12,50.0,3.0,0.0
