year_month,us_semi_tariff_china
2018-01,0.0
2018-02,0.0
2018-03,0.0
2018-04,0.0
2018-05,0.0
2018-06,0.0
2018-07,25.0
2018-08,25.0
2018-09,25.0
2018-10,25.0
2018-11,25.0
2018-12,25.0
2019-01,25.0
2019-02,25.0
2019-03,25.0
2019-04,25.0
2019-05,25.0
2019-06,25.0
2019-07,25.0
2019-08,25.0
2019-09,25.0
2019-10,25.0
2019-11,25.0
2019-12,25.0
2020-01,25.0
2020-02,25.0
2020-03,25.0
2020-04,25.0
2020-05,25.0
2020-06,25.0
2020-07,25.0
2020-08,25.0
2020-09,25.0
2020-10,25.0
2020-11,25.0
2020-12,25.0
2021-01,25.0
2021-02,25.0
2021-03,25.0
2021-04,25.0
2021-05,25.0
2021-06,25.0
2021-07,25.0
2021-08,25.0
2021-09,25.0
2021-10,25.0
2021-11,25.0
2021-12,25.0
2022-01,25.0
2022-02,25.0
2022-03,25.0
2022-04,25.0
2022-05,25.0
2022-06,25.0
2022-07,25.0
2022-08,25.0
2022-09,25.0
2022-10,25.0
2022-11,25.0
2022-12,25.0
2023-01,25.0
2023-02,25.0
2023-03,25.0
2023-04,25.0
2023-05,25.0
2023-06,25.0
2023-07,25.0
2023-08,25.0
2023-09,25.0
2023-10,25.0
2023-11,25.0
2023-12,25.0
2024-01,25.0
2024-02,25.0
2024-03,25.0
2024-04,25.0
2024-05,25.0
2024-06,25.0
2024-07,25.0
2024-08,25.0
2024-09,25.0
2024-10,25.0
2024-11,25.0
2024-12,25.0
2025-01,50.0
2025-02,50.0
2025-03,50.0
2025-04,50.0
2025-05,50.0
2025-06,50.0
2025-07,50.0
2025-08,50.0
2025-09,50.0
2025-10,50.0
2025-11,50.0
2025-12,50.0
2026-01,50.0
2026-02,50.0
2026-03,50.0
2026-04,50.0
2026-05,50.0
2026-06,50.0
2026-07,50.0
2026-08,50.0
2026-09,50.0
2026-10,50.0
2026-11,50.0
2026-12,50.0
